protocol,Durbin-Watson statistic,Autocorrelation,S&P 500 coefficient,S&P 500 p-value,Fear and Greed Index DW,Market Cap DW
Izumi,1.4221286660994445,Positive,11191.391928446534,0.6958775033378706,0.3913916025097146,0.09504571232297847
jupiter,0.800654654154547,Positive,75668.5922489753,0.9288199210807261,0.27555729146228713,0.13259166742766093
kyberswap,1.3210477437312238,Positive,-29199.12954611342,0.21913101239276964,0.5205985336592218,0.20730168162580473
