protocol,Durbin-Watson statistic,Autocorrelation,S&P 500 coefficient,S&P 500 p-value,Fear and Greed Index DW,Market Cap DW
Izumi,1.4221286660994448,Positive,11191.39192844654,0.6958775033378704,0.3913916025097146,0.09504571232297847
jupiter,0.8006546541545462,Positive,75668.59224897693,0.9288199210807246,0.27555729146228713,0.13259166742766093
