protocol,Durbin-Watson statistic,Autocorrelation,S&P 500 coefficient,S&P 500 p-value,Fear and Greed Index DW,Market Cap DW
phaver,1.0987389227734443,Positive,-5.388184583189428,0.002225323798222537,0.4998536337260385,0.14678741911035884
Zora,1.392017236962845,Positive,-29.83584881149747,0.1666648552891948,0.747270759363591,0.22921281309782557
lens,2.0755070156680335,No evidence,1.7505108943599057,0.054262697697554825,1.0354780863411202,0.22089296468801575
