protocol,Durbin-Watson statistic,Autocorrelation,S&P 500 coefficient,S&P 500 p-value,Fear and Greed Index DW,Market Cap DW
phaver,1.0987389227734445,Positive,-5.388184583189419,0.002225323798222597,0.4998536337260385,0.14678741911035884
Zora,1.3920172369628439,Positive,-29.83584881149742,0.16666485528919525,0.747270759363591,0.22921281309782557
lens,2.075507015668033,No evidence,1.7505108943599046,0.05426269769755519,1.0354780863411202,0.22089296468801575
